"Site","LatinName","CommonName","Height","Spread","AgeGroup","DiameterAt","Easting","Northing"
"Craigmillar Castle Park","Acer pseudoplatanus","Sycamore","10 to 15 meters","6 to 9 meters","Middle Aged","30 - 40",328092,671054
"Craigmillar Castle Park","Acer pseudoplatanus","Sycamore","10 to 15 meters","6 to 9 meters","Middle Aged","30 - 40",328099,671061
"Craigmillar Castle Park","Acer pseudoplatanus","Sycamore","10 to 15 meters","6 to 9 meters","Middle Aged","30 - 40",328106,671067
"Craigmillar Castle Park","Acer pseudoplatanus","Sycamore","10 to 15 meters","6 to 9 meters","Middle Aged","30 - 40",328109,671071
"Craigmillar Castle Park","Acer pseudoplatanus","Sycamore","10 to 15 meters","6 to 9 meters","Middle Aged","30 - 40",328127,671089
"Craigmillar Castle Park","Acer pseudoplatanus","Sycamore","10 to 15 meters","6 to 9 meters","Middle Aged","30 - 40",328131,671093
"Craigmillar Castle Park","Acer pseudoplatanus","Sycamore","5 to 10 meters","6 to 9 meters","Middle Aged","30 - 40",328159,670743
"Craigmillar Castle Park","Acer pseudoplatanus","Sycamore","5 to 10 meters","6 to 9 meters","Middle Aged","30 - 40",328162,670740
"Craigmillar Castle Park","Acer pseudoplatanus","Sycamore","5 to 10 meters","3 to 6 meters","Middle Aged","20 - 30",328165,670737
"Craigmillar Castle Park","Acer pseudoplatanus","Sycamore","10 to 15 meters","6 to 9 meters","Middle Aged","40 - 50",328166,670734
"Craigmillar Castle Park","Acer pseudoplatanus","Sycamore","10 to 15 meters","6 to 9 meters","Middle Aged","40 - 50",328168,670731
"Craigmillar Castle Park","Acer pseudoplatanus","Sycamore","5 to 10 meters","6 to 9 meters","Middle Aged","40 - 50",328172,670727
"Craigmillar Castle Park","Fraxinus excelsior","Common Ash","5 to 10 meters","6 to 9 meters","Middle Aged","40 - 50",328172,671133
"Craigmillar Castle Park","Acer pseudoplatanus","Sycamore","5 to 10 meters","6 to 9 meters","Middle Aged","30 - 40",328175,670723
"Craigmillar Castle Park","Acer pseudoplatanus","Sycamore","5 to 10 meters","6 to 9 meters","Middle Aged","40 - 50",328178,670720
"Craigmillar Castle Park","Acer pseudoplatanus","Sycamore","5 to 10 meters","3 to 6 meters","Middle Aged","20 - 30",328182,670715
"Craigmillar Castle Park","Sorbus aucuparia","Rowan","Up to 5 meters","Up to 3 meters","Juvenile","10 - 20",328184,670992
"Craigmillar Castle Park","Acer pseudoplatanus","Sycamore","5 to 10 meters","3 to 6 meters","Middle Aged","30 - 40",328186,670710
"Craigmillar Castle Park","Sorbus aucuparia","Rowan","Up to 5 meters","Up to 3 meters","Juvenile","10 - 20",328188,670995
"Craigmillar Castle Park","Betula pendula","Silver Birch","10 to 15 meters","3 to 6 meters","Middle Aged","30 - 40",328192,670702
"Craigmillar Castle Park","Sorbus aucuparia","Rowan","Up to 5 meters","Up to 3 meters","Juvenile","10 - 20",328192,670999
"Craigmillar Castle Park","Acer pseudoplatanus","Sycamore","5 to 10 meters","3 to 6 meters","Middle Aged","20 - 30",328193,670704
"Craigmillar Castle Park","Sorbus aucuparia","Rowan","Up to 5 meters","Up to 3 meters","Juvenile","10 - 20",328196,671002
"Craigmillar Castle Park","Sorbus aucuparia","Rowan","Up to 5 meters","Up to 3 meters","Juvenile","10 - 20",328200,671005
"Craigmillar Castle Park","Populus spp.","Poplar spp","10 to 15 meters","6 to 9 meters","Middle Aged","40 - 50",328201,670704
"Craigmillar Castle Park","Acer pseudoplatanus","Sycamore","10 to 15 meters","6 to 9 meters","Middle Aged","30 - 40",328204,670688
"Craigmillar Castle Park","Acer pseudoplatanus","Sycamore","10 to 15 meters","9 to 12 meters","Middle Aged","30 - 40",328204,671156
"Craigmillar Castle Park","Sorbus aucuparia","Rowan","Up to 5 meters","Up to 3 meters","Juvenile","10 - 20",328204,671008
"Craigmillar Castle Park","Acer platanoides","Norway Maple","15 to 20 meters","9 to 12 meters","Middle Aged","40 - 50",328205,671151
"Craigmillar Castle Park","Populus spp.","Poplar spp","15 to 20 meters","9 to 12 meters","Middle Aged","50 - 60",328206,670699
"Craigmillar Castle Park","Populus spp.","Poplar spp","15 to 20 meters","9 to 12 meters","Middle Aged","50 - 60",328207,670698
"Craigmillar Castle Park","Sorbus aucuparia","Rowan","Up to 5 meters","Up to 3 meters","Juvenile","10 - 20",328208,671011
"Craigmillar Castle Park","Acer pseudoplatanus","Sycamore","10 to 15 meters","6 to 9 meters","Middle Aged","30 - 40",328210,670687
"Craigmillar Castle Park","Fraxinus excelsior","Common Ash","15 to 20 meters","9 to 12 meters","Middle Aged","50 - 60",328211,671150
"Craigmillar Castle Park","Acer pseudoplatanus","Sycamore","15 to 20 meters","6 to 9 meters","Middle Aged","40 - 50",328212,670697
"Craigmillar Castle Park","Acer pseudoplatanus","Sycamore","10 to 15 meters","6 to 9 meters","Middle Aged","40 - 50",328213,670676
"Craigmillar Castle Park","Acer platanoides","Norway Maple","10 to 15 meters","6 to 9 meters","Middle Aged","40 - 50",328216,671145
"Craigmillar Castle Park","Acer platanoides","Norway Maple","10 to 15 meters","6 to 9 meters","Middle Aged","40 - 50",328217,670681
"Craigmillar Castle Park","Acer pseudoplatanus","Sycamore","5 to 10 meters","3 to 6 meters","Middle Aged","20 - 30",328217,670671
"Craigmillar Castle Park","Betula spp.","Birch spp","5 to 10 meters","3 to 6 meters","Middle Aged","20 - 30",328220,670666
"Craigmillar Castle Park","Laburnum spp.","Laburnum spp","5 to 10 meters","3 to 6 meters","Mature","20 - 30",328221,670676
"Craigmillar Castle Park","Betula spp.","Birch spp","5 to 10 meters","3 to 6 meters","Middle Aged","20 - 30",328222,670665
"Craigmillar Castle Park","Acer pseudoplatanus","Sycamore","10 to 15 meters","9 to 12 meters","Middle Aged","40 - 50",328223,671136
"Craigmillar Castle Park","Acer platanoides","Norway Maple","15 to 20 meters","9 to 12 meters","Middle Aged","60 - 70",328227,670667
"Craigmillar Castle Park","Acer pseudoplatanus","Sycamore","15 to 20 meters","6 to 9 meters","Middle Aged","40 - 50",328228,670674
"Craigmillar Castle Park","Acer pseudoplatanus","Sycamore","5 to 10 meters","Up to 3 meters","Middle Aged","30 - 40",328228,670663
"Craigmillar Castle Park","Acer pseudoplatanus","Sycamore","10 to 15 meters","9 to 12 meters","Middle Aged","40 - 50",328228,671131
"Craigmillar Castle Park","Acer pseudoplatanus","Sycamore","15 to 20 meters","Over 12 meters","Middle Aged","80 - 90",328232,671128
"Craigmillar Castle Park","Acer pseudoplatanus","Sycamore","15 to 20 meters","9 to 12 meters","Middle Aged","60 - 70",328237,671125
"Craigmillar Castle Park","Acer pseudoplatanus","Sycamore","10 to 15 meters","6 to 9 meters","Middle Aged","40 - 50",328240,670647
"Craigmillar Castle Park","Fraxinus excelsior","Common Ash","15 to 20 meters","6 to 9 meters","Middle Aged","40 - 50",328240,671121
"Craigmillar Castle Park","Acer pseudoplatanus","Sycamore","15 to 20 meters","6 to 9 meters","Middle Aged","30 - 40",328242,670654
"Craigmillar Castle Park","Populus spp.","Poplar spp","15 to 20 meters","9 to 12 meters","Middle Aged","60 - 70",328244,670649
"Craigmillar Castle Park","Acer pseudoplatanus","Sycamore","15 to 20 meters","6 to 9 meters","Middle Aged","40 - 50",328250,670640
"Craigmillar Castle Park","Acer pseudoplatanus","Sycamore","10 to 15 meters","3 to 6 meters","Middle Aged","30 - 40",328250,670634
"Craigmillar Castle Park","Acer pseudoplatanus","Sycamore","15 to 20 meters","9 to 12 meters","Middle Aged","70 - 80",328252,671112
"Craigmillar Castle Park","Acer pseudoplatanus","Sycamore","15 to 20 meters","3 to 6 meters","Middle Aged","30 - 40",328256,670634
"Craigmillar Castle Park","Acer pseudoplatanus","Sycamore","15 to 20 meters","9 to 12 meters","Middle Aged","70 - 80",328256,671106
"Craigmillar Castle Park","Acer pseudoplatanus","Sycamore","15 to 20 meters","6 to 9 meters","Middle Aged","40 - 50",328257,670627
"Craigmillar Castle Park","Fraxinus excelsior","Common Ash","5 to 10 meters","6 to 9 meters","Middle Aged","40 - 50",328257,670620
"Craigmillar Castle Park","Acer pseudoplatanus","Sycamore","15 to 20 meters","3 to 6 meters","Middle Aged","30 - 40",328259,670630
"Craigmillar Castle Park","Acer pseudoplatanus","Sycamore","15 to 20 meters","9 to 12 meters","Middle Aged","60 - 70",328262,671104
"Craigmillar Castle Park","Acer pseudoplatanus","Sycamore","15 to 20 meters","9 to 12 meters","Middle Aged","60 - 70",328265,671098
"Craigmillar Castle Park","Populus spp.","Poplar spp","10 to 15 meters","6 to 9 meters","Middle Aged","40 - 50",328265,670616
"Craigmillar Castle Park","Acer pseudoplatanus","Sycamore","10 to 15 meters","6 to 9 meters","Middle Aged","40 - 50",328266,670620
"Craigmillar Castle Park","Acer pseudoplatanus","Sycamore","15 to 20 meters","6 to 9 meters","Middle Aged","40 - 50",328266,670625
"Craigmillar Castle Park","Acer pseudoplatanus","Sycamore","5 to 10 meters","Up to 3 meters","Middle Aged","20 - 30",328266,670608
"Craigmillar Castle Park","Fraxinus excelsior","Common Ash","5 to 10 meters","3 to 6 meters","Middle Aged","30 - 40",328269,670605
"Craigmillar Castle Park","Acer pseudoplatanus","Sycamore","15 to 20 meters","9 to 12 meters","Middle Aged","60 - 70",328270,671093
"Craigmillar Castle Park","Acer platanoides","Norway Maple","15 to 20 meters","6 to 9 meters","Middle Aged","30 - 40",328271,671096
"Craigmillar Castle Park","Acer pseudoplatanus","Sycamore","10 to 15 meters","6 to 9 meters","Middle Aged","40 - 50",328271,670618
"Craigmillar Castle Park","Acer pseudoplatanus","Sycamore","5 to 10 meters","3 to 6 meters","Middle Aged","20 - 30",328273,670607
"Craigmillar Castle Park","Aesculus hippocastanum","Horse Chestnut","5 to 10 meters","3 to 6 meters","Middle Aged","20 - 30",328273,670602
"Craigmillar Castle Park","Acer pseudoplatanus","Sycamore","15 to 20 meters","9 to 12 meters","Middle Aged","40 - 50",328275,670613
"Craigmillar Castle Park","Acer platanoides","Norway Maple","10 to 15 meters","6 to 9 meters","Middle Aged","40 - 50",328277,671091
"Craigmillar Castle Park","Acer pseudoplatanus","Sycamore","5 to 10 meters","3 to 6 meters","Middle Aged","20 - 30",328277,670603
"Craigmillar Castle Park","Acer pseudoplatanus","Sycamore","15 to 20 meters","6 to 9 meters","Middle Aged","40 - 50",328279,670609
"Craigmillar Castle Park","Acer pseudoplatanus","Sycamore","15 to 20 meters","6 to 9 meters","Middle Aged","30 - 40",328281,670606
"Craigmillar Castle Park","Acer pseudoplatanus","Sycamore","5 to 10 meters","3 to 6 meters","Middle Aged","20 - 30",328281,670595
"Craigmillar Castle Park","Acer pseudoplatanus","Sycamore","10 to 15 meters","6 to 9 meters","Middle Aged","40 - 50",328283,670604
"Craigmillar Castle Park","Fagus sylvatica","Common Beech","5 to 10 meters","3 to 6 meters","Middle Aged","30 - 40",328283,671079
"Craigmillar Castle Park","Populus spp.","Poplar spp","15 to 20 meters","9 to 12 meters","Middle Aged","30 - 40",328285,670599
"Craigmillar Castle Park","Acer platanoides","Norway Maple","10 to 15 meters","6 to 9 meters","Middle Aged","30 - 40",328286,671084
"Craigmillar Castle Park","Acer pseudoplatanus","Sycamore","10 to 15 meters","3 to 6 meters","Middle Aged","30 - 40",328286,670594
"Craigmillar Castle Park","Fraxinus excelsior","Common Ash","10 to 15 meters","9 to 12 meters","Middle Aged","60 - 70",328288,671077
"Craigmillar Castle Park","Acer pseudoplatanus","Sycamore","10 to 15 meters","6 to 9 meters","Middle Aged","40 - 50",328289,670596
"Craigmillar Castle Park","Acer pseudoplatanus","Sycamore","5 to 10 meters","6 to 9 meters","Middle Aged","30 - 40",328289,670585
"Craigmillar Castle Park","Acer pseudoplatanus","Sycamore","10 to 15 meters","6 to 9 meters","Middle Aged","50 - 60",328293,671077
"Craigmillar Castle Park","Acer pseudoplatanus","Sycamore","10 to 15 meters","6 to 9 meters","Middle Aged","40 - 50",328294,670584
"Craigmillar Castle Park","Acer pseudoplatanus","Sycamore","10 to 15 meters","6 to 9 meters","Middle Aged","40 - 50",328296,670588
"Craigmillar Castle Park","Acer pseudoplatanus","Sycamore","10 to 15 meters","6 to 9 meters","Middle Aged","50 - 60",328298,670580
"Craigmillar Castle Park","Acer pseudoplatanus","Sycamore","10 to 15 meters","6 to 9 meters","Middle Aged","30 - 40",328300,670583
"Craigmillar Castle Park","Acer pseudoplatanus","Sycamore","10 to 15 meters","6 to 9 meters","Middle Aged","30 - 40",328304,670577
"Craigmillar Castle Park","Acer pseudoplatanus","Sycamore","10 to 15 meters","6 to 9 meters","Middle Aged","40 - 50",328305,671293
"Craigmillar Castle Park","Acer pseudoplatanus","Sycamore","10 to 15 meters","6 to 9 meters","Middle Aged","40 - 50",328307,671291
"Craigmillar Castle Park","Aesculus hippocastanum","Horse Chestnut","Up to 5 meters","3 to 6 meters","Mature","40 - 50",328307,670779
"Craigmillar Castle Park","Aesculus hippocastanum","Horse Chestnut","Up to 5 meters","3 to 6 meters","Mature","40 - 50",328309,670777
"Craigmillar Castle Park","Acer pseudoplatanus","Sycamore","15 to 20 meters","9 to 12 meters","Middle Aged","40 - 50",328310,670570
"Craigmillar Castle Park","Acer pseudoplatanus","Sycamore","15 to 20 meters","9 to 12 meters","Middle Aged","70 - 80",328310,671310
"Craigmillar Castle Park","Acer pseudoplatanus","Sycamore","5 to 10 meters","6 to 9 meters","Middle Aged","40 - 50",328310,671288
"Craigmillar Castle Park","Acer pseudoplatanus","Sycamore","10 to 15 meters","6 to 9 meters","Middle Aged","30 - 40",328311,670564
"Craigmillar Castle Park","Aesculus hippocastanum","Horse Chestnut","10 to 15 meters","9 to 12 meters","Middle Aged","60 - 70",328312,671308
"Craigmillar Castle Park","Aesculus hippocastanum","Horse Chestnut","10 to 15 meters","9 to 12 meters","Mature","50 - 60",328312,670774
"Craigmillar Castle Park","Acer pseudoplatanus","Sycamore","5 to 10 meters","Up to 3 meters","Middle Aged","20 - 30",328313,670561
"Craigmillar Castle Park","Acer pseudoplatanus","Sycamore","5 to 10 meters","3 to 6 meters","Middle Aged","40 - 50",328315,671280
"Craigmillar Castle Park","Acer pseudoplatanus","Sycamore","5 to 10 meters","6 to 9 meters","Middle Aged","30 - 40",328316,670555
"Craigmillar Castle Park","Aesculus hippocastanum","Horse Chestnut","15 to 20 meters","9 to 12 meters","Mature","70 - 80",328316,670768
"Craigmillar Castle Park","Acer pseudoplatanus","Sycamore","15 to 20 meters","9 to 12 meters","Middle Aged","60 - 70",328318,671303
"Craigmillar Castle Park","Acer pseudoplatanus","Sycamore","15 to 20 meters","6 to 9 meters","Middle Aged","40 - 50",328319,670555
"Craigmillar Castle Park","Acer pseudoplatanus","Sycamore","10 to 15 meters","9 to 12 meters","Middle Aged","60 - 70",328320,671279
"Craigmillar Castle Park","Acer pseudoplatanus","Sycamore","10 to 15 meters","6 to 9 meters","Middle Aged","30 - 40",328321,670553
"Craigmillar Castle Park","Aesculus hippocastanum","Horse Chestnut","10 to 15 meters","9 to 12 meters","Mature","40 - 50",328321,670761
"Craigmillar Castle Park","Acer pseudoplatanus","Sycamore","10 to 15 meters","6 to 9 meters","Middle Aged","50 - 60",328322,671299
"Craigmillar Castle Park","Acer pseudoplatanus","Sycamore","10 to 15 meters","6 to 9 meters","Middle Aged","30 - 40",328324,670552
"Craigmillar Castle Park","Aesculus hippocastanum","Horse Chestnut","10 to 15 meters","9 to 12 meters","Mature","50 - 60",328325,670756
"Craigmillar Castle Park","Acer pseudoplatanus","Sycamore","10 to 15 meters","6 to 9 meters","Middle Aged","50 - 60",328326,671293
"Craigmillar Castle Park","Aesculus hippocastanum","Horse Chestnut","10 to 15 meters","9 to 12 meters","Mature","60 - 70",328326,670755
"Craigmillar Castle Park","Acer pseudoplatanus","Sycamore","15 to 20 meters","6 to 9 meters","Middle Aged","40 - 50",328327,670547
"Craigmillar Castle Park","Acer pseudoplatanus","Sycamore","10 to 15 meters","6 to 9 meters","Middle Aged","30 - 40",328327,671291
"Craigmillar Castle Park","Acer pseudoplatanus","Sycamore","15 to 20 meters","6 to 9 meters","Middle Aged","60 - 70",328328,670542
"Craigmillar Castle Park","Acer pseudoplatanus","Sycamore","10 to 15 meters","3 to 6 meters","Middle Aged","20 - 30",328329,670545
"Craigmillar Castle Park","Aesculus hippocastanum","Horse Chestnut","Up to 5 meters","3 to 6 meters","Mature","40 - 50",328329,670751
"Craigmillar Castle Park","Acer pseudoplatanus","Sycamore","5 to 10 meters","6 to 9 meters","Middle Aged","30 - 40",328330,671308
"Craigmillar Castle Park","Acer pseudoplatanus","Sycamore","15 to 20 meters","6 to 9 meters","Middle Aged","40 - 50",328331,670544
"Craigmillar Castle Park","Aesculus hippocastanum","Horse Chestnut","Up to 5 meters","3 to 6 meters","Mature","20 - 30",328331,670749
"Craigmillar Castle Park","Acer pseudoplatanus","Sycamore","10 to 15 meters","6 to 9 meters","Middle Aged","40 - 50",328332,671291
"Craigmillar Castle Park","Aesculus hippocastanum","Horse Chestnut","15 to 20 meters","6 to 9 meters","Middle Aged","60 - 70",328332,670770
"Craigmillar Castle Park","Aesculus hippocastanum","Horse Chestnut","Up to 5 meters","3 to 6 meters","Mature","20 - 30",328332,670748
"Craigmillar Castle Park","Aesculus hippocastanum","Horse Chestnut","Up to 5 meters","3 to 6 meters","Mature","30 - 40",328333,670747
"Craigmillar Castle Park","Acer pseudoplatanus","Sycamore","Up to 5 meters","Up to 3 meters","Juvenile","10 - 20",328334,670533
"Craigmillar Castle Park","Acer pseudoplatanus","Sycamore","Up to 5 meters","Up to 3 meters","Juvenile","10 - 20",328334,670532
"Craigmillar Castle Park","Acer pseudoplatanus","Sycamore","Up to 5 meters","Up to 3 meters","Semi-mature","10 - 20",328336,670531
"Craigmillar Castle Park","Fraxinus excelsior","Common Ash","5 to 10 meters","6 to 9 meters","Middle Aged","50 - 60",328336,670536
"Craigmillar Castle Park","Prunus spp.","Cherry spp","5 to 10 meters","9 to 12 meters","Middle Aged","40 - 50",328019,671039
"Craigmillar Castle Park","Pinus sylvestris","Scots Pine","10 to 15 meters","3 to 6 meters","Middle Aged","30 - 40",328342,670524
"Craigmillar Castle Park","Sambucus nigra","Common Elder","Up to 5 meters","Up to 3 meters","Semi-mature","10 - 20",328342,670522
"Craigmillar Castle Park","Acer pseudoplatanus","Sycamore","Up to 5 meters","Up to 3 meters","Semi-mature","10 - 20",328343,670521
"Craigmillar Castle Park","Aesculus hippocastanum","Horse Chestnut","15 to 20 meters","9 to 12 meters","Middle Aged","60 - 70",328343,670753
"Craigmillar Castle Park","Crataegus monogyna","Hawthorn","5 to 10 meters","3 to 6 meters","Mature","30 - 40",328343,670525
"Craigmillar Castle Park","Acer pseudoplatanus","Sycamore","Up to 5 meters","Up to 3 meters","Semi-mature","10 - 20",328344,670520
"Craigmillar Castle Park","Ilex aquifolium","Common Holly","Up to 5 meters","Up to 3 meters","Semi-mature","10 - 20",328344,670520
"Craigmillar Castle Park","Acer pseudoplatanus","Sycamore","Up to 5 meters","Up to 3 meters","Semi-mature","10 - 20",328345,670518
"Craigmillar Castle Park","Acer pseudoplatanus","Sycamore","Up to 5 meters","Up to 3 meters","Semi-mature","10 - 20",328345,670519
"Craigmillar Castle Park","Acer pseudoplatanus","Sycamore","Up to 5 meters","Up to 3 meters","Semi-mature","10 - 20",328346,670517
"Craigmillar Castle Park","Acer pseudoplatanus","Sycamore","5 to 10 meters","Up to 3 meters","Semi-mature","10 - 20",328346,670517
"Craigmillar Castle Park","Fraxinus excelsior","Common Ash","10 to 15 meters","6 to 9 meters","Middle Aged","60 - 70",328346,670982
"Craigmillar Castle Park","Acer pseudoplatanus","Sycamore","10 to 15 meters","6 to 9 meters","Middle Aged","50 - 60",328347,670529
"Craigmillar Castle Park","Fraxinus excelsior","Common Ash","5 to 10 meters","6 to 9 meters","Middle Aged","40 - 50",328347,670970
"Craigmillar Castle Park","Fraxinus excelsior","Common Ash","5 to 10 meters","6 to 9 meters","Middle Aged","20 - 30",328348,670969
"Craigmillar Castle Park","Fraxinus excelsior","Common Ash","10 to 15 meters","6 to 9 meters","Middle Aged","30 - 40",328349,670971
"Craigmillar Castle Park","Pinus nigra 'Maritima'","Corsican Pine","15 to 20 meters","6 to 9 meters","Middle Aged","50 - 60",328349,670520
"Craigmillar Castle Park","Pinus sylvestris","Scots Pine","15 to 20 meters","3 to 6 meters","Middle Aged","40 - 50",328351,670520
"Craigmillar Castle Park","Aesculus hippocastanum","Horse Chestnut","15 to 20 meters","9 to 12 meters","Middle Aged","60 - 70",328352,670741
"Craigmillar Castle Park","Acer pseudoplatanus","Sycamore","5 to 10 meters","Up to 3 meters","Semi-mature","10 - 20",328353,670510
"Craigmillar Castle Park","Fraxinus excelsior","Common Ash","10 to 15 meters","9 to 12 meters","Middle Aged","30 - 40",328354,670973
"Craigmillar Castle Park","Acer pseudoplatanus","Sycamore","5 to 10 meters","3 to 6 meters","Semi-mature","10 - 20",328356,670506
"Craigmillar Castle Park","Acer pseudoplatanus","Sycamore","5 to 10 meters","3 to 6 meters","Semi-mature","10 - 20",328356,670506
"Craigmillar Castle Park","Aesculus hippocastanum","Horse Chestnut","15 to 20 meters","9 to 12 meters","Mature","60 - 70",328357,670734
"Craigmillar Castle Park","Acer pseudoplatanus","Sycamore","5 to 10 meters","6 to 9 meters","Middle Aged","30 - 40",328358,670990
"Craigmillar Castle Park","Aesculus hippocastanum","Horse Chestnut","15 to 20 meters","9 to 12 meters","Middle Aged","60 - 70",328358,670709
"Craigmillar Castle Park","Acer pseudoplatanus","Sycamore","10 to 15 meters","6 to 9 meters","Middle Aged","30 - 40",328359,670513
"Craigmillar Castle Park","Aesculus hippocastanum","Horse Chestnut","10 to 15 meters","9 to 12 meters","Middle Aged","40 - 50",328360,670972
"Craigmillar Castle Park","Aesculus hippocastanum","Horse Chestnut","10 to 15 meters","6 to 9 meters","Middle Aged","40 - 50",328360,670974
"Craigmillar Castle Park","Fraxinus excelsior","Common Ash","Up to 5 meters","Up to 3 meters","Semi-mature","10 - 20",328360,670498
"Craigmillar Castle Park","Sambucus nigra","Common Elder","Up to 5 meters","Up to 3 meters","Semi-mature","10 - 20",328360,670498
"Craigmillar Castle Park","Acer pseudoplatanus","Sycamore","5 to 10 meters","3 to 6 meters","Semi-mature","10 - 20",328361,670500
"Craigmillar Castle Park","Aesculus hippocastanum","Horse Chestnut","15 to 20 meters","Over 12 meters","Middle Aged","60 - 70",328361,670728
"Craigmillar Castle Park","Fraxinus excelsior","Common Ash","5 to 10 meters","3 to 6 meters","Semi-mature","10 - 20",328361,670500
"Craigmillar Castle Park","Acer pseudoplatanus","Sycamore","10 to 15 meters","6 to 9 meters","Middle Aged","30 - 40",328362,670512
"Craigmillar Castle Park","Pinus nigra 'Maritima'","Corsican Pine","15 to 20 meters","6 to 9 meters","Middle Aged","50 - 60",328362,670507
"Craigmillar Castle Park","Acer pseudoplatanus","Sycamore","10 to 15 meters","6 to 9 meters","Middle Aged","40 - 50",328363,670503
"Craigmillar Castle Park","Aesculus hippocastanum","Horse Chestnut","5 to 10 meters","3 to 6 meters","Middle Aged","20 - 30",328363,670973
"Craigmillar Castle Park","Aesculus hippocastanum","Horse Chestnut","10 to 15 meters","3 to 6 meters","Middle Aged","30 - 40",328364,670970
"Craigmillar Castle Park","Fagus sylvatica","Common Beech","5 to 10 meters","Up to 3 meters","Semi-mature","10 - 20",328364,670495
"Craigmillar Castle Park","Fraxinus excelsior","Common Ash","5 to 10 meters","3 to 6 meters","Semi-mature","10 - 20",328364,670495
"Craigmillar Castle Park","Aesculus hippocastanum","Horse Chestnut","5 to 10 meters","3 to 6 meters","Middle Aged","20 - 30",328365,670972
"Craigmillar Castle Park","Aesculus hippocastanum","Horse Chestnut","15 to 20 meters","9 to 12 meters","Middle Aged","60 - 70",328365,670698
"Craigmillar Castle Park","Pinus sylvestris","Scots Pine","10 to 15 meters","6 to 9 meters","Middle Aged","40 - 50",328365,670494
"Craigmillar Castle Park","Acer pseudoplatanus","Sycamore","5 to 10 meters","6 to 9 meters","Middle Aged","30 - 40",328366,670494
"Craigmillar Castle Park","Aesculus hippocastanum","Horse Chestnut","10 to 15 meters","6 to 9 meters","Middle Aged","40 - 50",328366,670971
"Craigmillar Castle Park","Aesculus hippocastanum","Horse Chestnut","5 to 10 meters","3 to 6 meters","Middle Aged","20 - 30",328366,670967
"Craigmillar Castle Park","Aesculus hippocastanum","Horse Chestnut","10 to 15 meters","6 to 9 meters","Middle Aged","40 - 50",328367,670965
"Craigmillar Castle Park","Aesculus hippocastanum","Horse Chestnut","15 to 20 meters","9 to 12 meters","Middle Aged","60 - 70",328367,670721
"Craigmillar Castle Park","Fraxinus excelsior","Common Ash","Up to 5 meters","Up to 3 meters","Semi-mature","10 - 20",328368,670487
"Craigmillar Castle Park","Fraxinus excelsior","Common Ash","5 to 10 meters","Up to 3 meters","Semi-mature","10 - 20",328368,670486
"Craigmillar Castle Park","Aesculus hippocastanum","Horse Chestnut","15 to 20 meters","6 to 9 meters","Middle Aged","50 - 60",328370,670966
"Craigmillar Castle Park","Acer pseudoplatanus","Sycamore","10 to 15 meters","6 to 9 meters","Middle Aged","30 - 40",328371,670487
"Craigmillar Castle Park","Fraxinus excelsior","Common Ash","5 to 10 meters","3 to 6 meters","Semi-mature","10 - 20",328371,670484
"Craigmillar Castle Park","Aesculus spp.","Chestnut spp","5 to 10 meters","Up to 3 meters","Middle Aged","20 - 30",328372,670959
"Craigmillar Castle Park","Fraxinus excelsior","Common Ash","5 to 10 meters","3 to 6 meters","Semi-mature","10 - 20",328372,670483
"Craigmillar Castle Park","Acer platanoides","Norway Maple","5 to 10 meters","Up to 3 meters","Semi-mature","10 - 20",328373,670481
"Craigmillar Castle Park","Acer pseudoplatanus","Sycamore","5 to 10 meters","Up to 3 meters","Semi-mature","10 - 20",328373,670482
"Craigmillar Castle Park","Aesculus hippocastanum","Horse Chestnut","15 to 20 meters","9 to 12 meters","Middle Aged","60 - 70",328373,670691
"Craigmillar Castle Park","Aesculus spp.","Chestnut spp","5 to 10 meters","3 to 6 meters","Middle Aged","20 - 30",328373,670957
"Craigmillar Castle Park","Sambucus nigra","Common Elder","Up to 5 meters","Up to 3 meters","Semi-mature","10 - 20",328373,670479
"Craigmillar Castle Park","Acer platanoides","Norway Maple","5 to 10 meters","3 to 6 meters","Semi-mature","10 - 20",328374,670481
"Craigmillar Castle Park","Aesculus hippocastanum","Horse Chestnut","15 to 20 meters","9 to 12 meters","Middle Aged","60 - 70",328374,670962
"Craigmillar Castle Park","Fraxinus excelsior","Common Ash","Up to 5 meters","Up to 3 meters","Semi-mature","10 - 20",328374,670479
"Craigmillar Castle Park","Aesculus hippocastanum","Horse Chestnut","10 to 15 meters","6 to 9 meters","Middle Aged","40 - 50",328375,670955
"Craigmillar Castle Park","Fraxinus excelsior","Common Ash","5 to 10 meters","Up to 3 meters","Semi-mature","10 - 20",328375,670478
"Craigmillar Castle Park","Quercus spp.","Oak spp","10 to 15 meters","9 to 12 meters","Middle Aged","40 - 50",328375,670491
"Craigmillar Castle Park","Sorbus intermedia","Swedish Whitebeam","Up to 5 meters","Up to 3 meters","Semi-mature","10 - 20",328375,670477
"Craigmillar Castle Park","Aesculus hippocastanum","Horse Chestnut","10 to 15 meters","6 to 9 meters","Middle Aged","40 - 50",328376,670954
"Craigmillar Castle Park","Fraxinus excelsior","Common Ash","Up to 5 meters","Up to 3 meters","Semi-mature","10 - 20",328376,670476
"Craigmillar Castle Park","Acer pseudoplatanus","Sycamore","10 to 15 meters","3 to 6 meters","Middle Aged","20 - 30",328377,670480
"Craigmillar Castle Park","Fraxinus excelsior","Common Ash","5 to 10 meters","Up to 3 meters","Semi-mature","10 - 20",328377,670475
"Craigmillar Castle Park","Fraxinus excelsior","Common Ash","Up to 5 meters","Up to 3 meters","Semi-mature","10 - 20",328377,670474
"Craigmillar Castle Park","Sambucus nigra","Common Elder","Up to 5 meters","Up to 3 meters","Semi-mature","10 - 20",328377,670476
"Craigmillar Castle Park","Acer pseudoplatanus","Sycamore","Up to 5 meters","Up to 3 meters","Semi-mature","10 - 20",328379,670473
"Craigmillar Castle Park","Acer pseudoplatanus","Sycamore","Up to 5 meters","Up to 3 meters","Semi-mature","10 - 20",328379,670473
"Craigmillar Castle Park","Acer pseudoplatanus","Sycamore","Up to 5 meters","Up to 3 meters","Semi-mature","10 - 20",328379,670472
"Craigmillar Castle Park","Aesculus hippocastanum","Horse Chestnut","10 to 15 meters","6 to 9 meters","Middle Aged","30 - 40",328379,670951
"Craigmillar Castle Park","Acer pseudoplatanus","Sycamore","5 to 10 meters","6 to 9 meters","Middle Aged","30 - 40",328380,670476
"Craigmillar Castle Park","Aesculus hippocastanum","Horse Chestnut","5 to 10 meters","6 to 9 meters","Middle Aged","30 - 40",328380,670951
"Craigmillar Castle Park","Fraxinus excelsior","Common Ash","5 to 10 meters","3 to 6 meters","Middle Aged","20 - 30",328380,670989
"Craigmillar Castle Park","Aesculus hippocastanum","Horse Chestnut","5 to 10 meters","Up to 3 meters","Middle Aged","20 - 30",328381,670948
"Craigmillar Castle Park","Ilex aquifolium","Common Holly","Up to 5 meters","Up to 3 meters","Semi-mature","10 - 20",328381,670471
"Craigmillar Castle Park","Ilex aquifolium","Common Holly","5 to 10 meters","Up to 3 meters","Semi-mature","10 - 20",328381,670470
"Craigmillar Castle Park","Ilex aquifolium","Common Holly","5 to 10 meters","Up to 3 meters","Semi-mature","10 - 20",328381,670470
"Craigmillar Castle Park","Acer pseudoplatanus","Sycamore","10 to 15 meters","6 to 9 meters","Middle Aged","40 - 50",328382,670481
"Craigmillar Castle Park","Aesculus hippocastanum","Horse Chestnut","5 to 10 meters","Up to 3 meters","Middle Aged","20 - 30",328382,670947
"Craigmillar Castle Park","Aesculus hippocastanum","Horse Chestnut","20 to 25 meters","9 to 12 meters","Middle Aged","60 - 70",328382,670702
"Craigmillar Castle Park","Acer pseudoplatanus","Sycamore","5 to 10 meters","6 to 9 meters","Middle Aged","30 - 40",328383,670472
"Craigmillar Castle Park","Aesculus hippocastanum","Horse Chestnut","15 to 20 meters","9 to 12 meters","Middle Aged","60 - 70",328383,670699
"Craigmillar Castle Park","Ilex aquifolium","Common Holly","Up to 5 meters","Up to 3 meters","Semi-mature","10 - 20",328383,670468
"Craigmillar Castle Park","Acer pseudoplatanus","Sycamore","5 to 10 meters","3 to 6 meters","Middle Aged","20 - 30",328384,670987
"Craigmillar Castle Park","Acer pseudoplatanus","Sycamore","5 to 10 meters","Up to 3 meters","Semi-mature","10 - 20",328384,670468
"Craigmillar Castle Park","Aesculus hippocastanum","Horse Chestnut","5 to 10 meters","6 to 9 meters","Middle Aged","30 - 40",328384,670945
"Craigmillar Castle Park","Fraxinus excelsior","Common Ash","Up to 5 meters","Up to 3 meters","Semi-mature","10 - 20",328384,670467
"Craigmillar Castle Park","Aesculus hippocastanum","Horse Chestnut","5 to 10 meters","6 to 9 meters","Middle Aged","30 - 40",328385,670947
"Craigmillar Castle Park","Aesculus hippocastanum","Horse Chestnut","5 to 10 meters","3 to 6 meters","Middle Aged","20 - 30",328385,670943
"Craigmillar Castle Park","Acer platanoides","Norway Maple","5 to 10 meters","3 to 6 meters","Middle Aged","20 - 30",328386,670986
"Craigmillar Castle Park","Aesculus hippocastanum","Horse Chestnut","10 to 15 meters","6 to 9 meters","Middle Aged","50 - 60",328386,670942
"Craigmillar Castle Park","Aesculus hippocastanum","Horse Chestnut","5 to 10 meters","3 to 6 meters","Middle Aged","30 - 40",328387,670941
"Craigmillar Castle Park","Populus spp.","Poplar spp","10 to 15 meters","3 to 6 meters","Semi-mature","20 - 30",328387,670464
"Craigmillar Castle Park","Populus spp.","Poplar spp","10 to 15 meters","3 to 6 meters","Semi-mature","10 - 20",328387,670466
"Craigmillar Castle Park","Populus spp.","Poplar spp","5 to 10 meters","Up to 3 meters","Semi-mature","10 - 20",328387,670465
"Craigmillar Castle Park","Acer pseudoplatanus","Sycamore","10 to 15 meters","6 to 9 meters","Middle Aged","40 - 50",328388,670475
"Craigmillar Castle Park","Aesculus hippocastanum","Horse Chestnut","5 to 10 meters","3 to 6 meters","Middle Aged","30 - 40",328388,670944
"Craigmillar Castle Park","Populus spp.","Poplar spp","5 to 10 meters","3 to 6 meters","Middle Aged","20 - 30",328388,670852
"Craigmillar Castle Park","Acer pseudoplatanus","Sycamore","10 to 15 meters","6 to 9 meters","Middle Aged","20 - 30",328389,670472
"Craigmillar Castle Park","Aesculus hippocastanum","Horse Chestnut","5 to 10 meters","Up to 3 meters","Middle Aged","20 - 30",328389,670938
"Craigmillar Castle Park","Fraxinus excelsior","Common Ash","5 to 10 meters","3 to 6 meters","Middle Aged","20 - 30",328389,670849
"Craigmillar Castle Park","Populus spp.","Poplar spp","10 to 15 meters","3 to 6 meters","Semi-mature","20 - 30",328389,670463
"Craigmillar Castle Park","Aesculus hippocastanum","Horse Chestnut","5 to 10 meters","3 to 6 meters","Middle Aged","30 - 40",328390,670942
"Craigmillar Castle Park","Aesculus hippocastanum","Horse Chestnut","5 to 10 meters","6 to 9 meters","Middle Aged","30 - 40",328390,670937
"Craigmillar Castle Park","Populus spp.","Poplar spp","10 to 15 meters","Up to 3 meters","Semi-mature","10 - 20",328390,670462
"Craigmillar Castle Park","Populus spp.","Poplar spp","10 to 15 meters","3 to 6 meters","Semi-mature","10 - 20",328390,670462
"Craigmillar Castle Park","Aesculus hippocastanum","Horse Chestnut","5 to 10 meters","6 to 9 meters","Middle Aged","20 - 30",328391,670935
"Craigmillar Castle Park","Fraxinus excelsior","Common Ash","5 to 10 meters","3 to 6 meters","Middle Aged","20 - 30",328392,670855
"Craigmillar Castle Park","Aesculus hippocastanum","Horse Chestnut","5 to 10 meters","3 to 6 meters","Middle Aged","20 - 30",328393,670934
"Craigmillar Castle Park","Populus spp.","Poplar spp","10 to 15 meters","3 to 6 meters","Semi-mature","10 - 20",328393,670460
"Craigmillar Castle Park","Populus spp.","Poplar spp","10 to 15 meters","3 to 6 meters","Semi-mature","10 - 20",328393,670460
"Craigmillar Castle Park","Aesculus hippocastanum","Horse Chestnut","10 to 15 meters","9 to 12 meters","Middle Aged","60 - 70",328394,670932
"Craigmillar Castle Park","Aesculus hippocastanum","Horse Chestnut","10 to 15 meters","6 to 9 meters","Middle Aged","30 - 40",328394,670660
"Craigmillar Castle Park","Fraxinus excelsior","Common Ash","10 to 15 meters","6 to 9 meters","Middle Aged","30 - 40",328394,670465
"Craigmillar Castle Park","Fraxinus excelsior","Common Ash","5 to 10 meters","3 to 6 meters","Middle Aged","20 - 30",328394,670847
"Craigmillar Castle Park","Populus spp.","Poplar spp","5 to 10 meters","Up to 3 meters","Semi-mature","10 - 20",328394,670458
"Craigmillar Castle Park","Populus spp.","Poplar spp","5 to 10 meters","Up to 3 meters","Semi-mature","10 - 20",328394,670459
"Craigmillar Castle Park","Prunus spp.","Cherry spp","5 to 10 meters","6 to 9 meters","Middle Aged","20 - 30",328394,670979
"Craigmillar Castle Park","Prunus spp.","Cherry spp","5 to 10 meters","3 to 6 meters","Middle Aged","20 - 30",328394,670977
"Craigmillar Castle Park","Acer pseudoplatanus","Sycamore","5 to 10 meters","Up to 3 meters","Semi-mature","10 - 20",328395,670458
"Craigmillar Castle Park","Populus spp.","Poplar spp","5 to 10 meters","3 to 6 meters","Mature","40 - 50",328395,670929
"Craigmillar Castle Park","Populus spp.","Poplar spp","5 to 10 meters","3 to 6 meters","Middle Aged","30 - 40",328395,670853
"Craigmillar Castle Park","Populus spp.","Poplar spp","10 to 15 meters","3 to 6 meters","Middle Aged","30 - 40",328395,670841
"Craigmillar Castle Park","Populus spp.","Poplar spp","10 to 15 meters","3 to 6 meters","Semi-mature","10 - 20",328395,670457
"Craigmillar Castle Park","Prunus spp.","Cherry spp","5 to 10 meters","6 to 9 meters","Middle Aged","30 - 40",328395,670984
"Craigmillar Castle Park","Aesculus hippocastanum","Horse Chestnut","15 to 20 meters","Over 12 meters","Middle Aged","70 - 80",328396,670687
"Craigmillar Castle Park","Fraxinus excelsior","Common Ash","5 to 10 meters","3 to 6 meters","Middle Aged","20 - 30",328396,670888
"Craigmillar Castle Park","Populus spp.","Poplar spp","15 to 20 meters","9 to 12 meters","Middle Aged","50 - 60",328396,670462
"Craigmillar Castle Park","Populus spp.","Poplar spp","5 to 10 meters","3 to 6 meters","Mature","40 - 50",328396,670926
"Craigmillar Castle Park","Populus spp.","Poplar spp","5 to 10 meters","3 to 6 meters","Mature","20 - 30",328396,670923
"Craigmillar Castle Park","Populus spp.","Poplar spp","5 to 10 meters","3 to 6 meters","Mature","30 - 40",328396,670918
"Craigmillar Castle Park","Populus spp.","Poplar spp","5 to 10 meters","3 to 6 meters","Mature","40 - 50",328396,670904
"Craigmillar Castle Park","Populus spp.","Poplar spp","10 to 15 meters","6 to 9 meters","Mature","60 - 70",328396,670901
"Craigmillar Castle Park","Populus spp.","Poplar spp","5 to 10 meters","3 to 6 meters","Middle Aged","20 - 30",328396,670895
"Craigmillar Castle Park","Acer platanoides","Norway Maple","5 to 10 meters","6 to 9 meters","Middle Aged","20 - 30",328397,670863
"Craigmillar Castle Park","Populus spp.","Poplar spp","10 to 15 meters","6 to 9 meters","Mature","40 - 50",328397,670915
"Craigmillar Castle Park","Populus spp.","Poplar spp","5 to 10 meters","6 to 9 meters","Mature","50 - 60",328397,670913
"Craigmillar Castle Park","Populus spp.","Poplar spp","10 to 15 meters","3 to 6 meters","Middle Aged","30 - 40",328397,670848
"Craigmillar Castle Park","Populus spp.","Poplar spp","10 to 15 meters","3 to 6 meters","Semi-mature","10 - 20",328397,670455
"Craigmillar Castle Park","Acer platanoides","Norway Maple","5 to 10 meters","6 to 9 meters","Middle Aged","20 - 30",328398,670885
"Craigmillar Castle Park","Acer pseudoplatanus","Sycamore","5 to 10 meters","6 to 9 meters","Middle Aged","20 - 30",328398,670460
"Craigmillar Castle Park","Acer pseudoplatanus","Sycamore","5 to 10 meters","Up to 3 meters","Semi-mature","10 - 20",328398,670456
"Craigmillar Castle Park","Populus spp.","Poplar spp","5 to 10 meters","3 to 6 meters","Middle Aged","30 - 40",328398,670866
"Craigmillar Castle Park","Acer pseudoplatanus","Sycamore","5 to 10 meters","Up to 3 meters","Semi-mature","10 - 20",328399,670454
"Craigmillar Castle Park","Aesculus hippocastanum","Horse Chestnut","15 to 20 meters","Over 12 meters","Middle Aged","70 - 80",328399,670683
"Craigmillar Castle Park","Fraxinus excelsior","Common Ash","5 to 10 meters","3 to 6 meters","Middle Aged","20 - 30",328399,670975
"Craigmillar Castle Park","Populus spp.","Poplar spp","10 to 15 meters","3 to 6 meters","Middle Aged","30 - 40",328399,670834
"Craigmillar Castle Park","Acer pseudoplatanus","Sycamore","5 to 10 meters","3 to 6 meters","Semi-mature","10 - 20",328400,670453
"Craigmillar Castle Park","Fraxinus excelsior","Common Ash","10 to 15 meters","3 to 6 meters","Middle Aged","20 - 30",328400,670837
"Craigmillar Castle Park","Populus spp.","Poplar spp","10 to 15 meters","3 to 6 meters","Middle Aged","20 - 30",328400,670839
"Craigmillar Castle Park","Prunus spp.","Cherry spp","10 to 15 meters","6 to 9 meters","Middle Aged","40 - 50",328401,670973
"Craigmillar Castle Park","Populus spp.","Poplar spp","10 to 15 meters","3 to 6 meters","Semi-mature","10 - 20",328402,670451
"Craigmillar Castle Park","Acer platanoides","Norway Maple","10 to 15 meters","6 to 9 meters","Middle Aged","20 - 30",328403,670834
"Craigmillar Castle Park","Populus spp.","Poplar spp","10 to 15 meters","Up to 3 meters","Semi-mature","10 - 20",328403,670452
"Craigmillar Castle Park","Larix spp.","Larch spp","10 to 15 meters","3 to 6 meters","Middle Aged","30 - 40",328405,670968
"Craigmillar Castle Park","Populus spp.","Poplar spp","10 to 15 meters","3 to 6 meters","Middle Aged","30 - 40",328405,670831
"Craigmillar Castle Park","Populus spp.","Poplar spp","10 to 15 meters","3 to 6 meters","Semi-mature","10 - 20",328405,670451
"Craigmillar Castle Park","Fraxinus excelsior","Common Ash","10 to 15 meters","6 to 9 meters","Semi-mature","10 - 20",328406,670450
"Craigmillar Castle Park","Populus spp.","Poplar spp","15 to 20 meters","9 to 12 meters","Middle Aged","40 - 50",328406,670457
"Craigmillar Castle Park","Populus spp.","Poplar spp","10 to 15 meters","3 to 6 meters","Semi-mature","10 - 20",328406,670448
"Craigmillar Castle Park","Fraxinus excelsior","Common Ash","5 to 10 meters","3 to 6 meters","Middle Aged","20 - 30",328407,670830
"Craigmillar Castle Park","Populus spp.","Poplar spp","15 to 20 meters","9 to 12 meters","Middle Aged","40 - 50",328407,670462
"Craigmillar Castle Park","Aesculus hippocastanum","Horse Chestnut","15 to 20 meters","9 to 12 meters","Middle Aged","60 - 70",328408,670672
"Craigmillar Castle Park","Populus spp.","Poplar spp","10 to 15 meters","3 to 6 meters","Semi-mature","10 - 20",328408,670448
"Craigmillar Castle Park","Populus spp.","Poplar spp","10 to 15 meters","3 to 6 meters","Semi-mature","10 - 20",328408,670449
"Craigmillar Castle Park","Populus spp.","Poplar spp","15 to 20 meters","6 to 9 meters","Middle Aged","30 - 40",328409,670455
"Craigmillar Tip","Fraxinus excelsior","Common Ash","10 to 15 meters","9 to 12 meters","Middle Aged","50 - 60",328411,670966
"Craigmillar Castle Park","Populus spp.","Poplar spp","10 to 15 meters","3 to 6 meters","Semi-mature","20 - 30",328411,670445
"Craigmillar Castle Park","Populus spp.","Poplar spp","10 to 15 meters","3 to 6 meters","Semi-mature","10 - 20",328411,670448
"Craigmillar Castle Park","Populus spp.","Poplar spp","5 to 10 meters","Up to 3 meters","Semi-mature","10 - 20",328411,670446
"Craigmillar Castle Park","Aesculus hippocastanum","Horse Chestnut","15 to 20 meters","9 to 12 meters","Middle Aged","60 - 70",328412,670668
"Craigmillar Castle Park","Populus spp.","Poplar spp","15 to 20 meters","6 to 9 meters","Middle Aged","40 - 50",328412,670446
"Craigmillar Castle Park","Populus spp.","Poplar spp","5 to 10 meters","Up to 3 meters","Semi-mature","10 - 20",328412,670447
"Craigmillar Castle Park","Populus spp.","Poplar spp","5 to 10 meters","Up to 3 meters","Semi-mature","10 - 20",328412,670447
"Craigmillar Castle Park","Populus spp.","Poplar spp","15 to 20 meters","6 to 9 meters","Middle Aged","30 - 40",328413,670451
"Craigmillar Castle Park","Populus spp.","Poplar spp","10 to 15 meters","3 to 6 meters","Middle Aged","30 - 40",328413,670977
"Craigmillar Castle Park","Populus spp.","Poplar spp","15 to 20 meters","Up to 3 meters","Middle Aged","20 - 30",328414,670450
"Craigmillar Castle Park","Acer platanoides","Norway Maple","10 to 15 meters","Over 12 meters","Mature","60 - 70",328415,670641
"Craigmillar Castle Park","Fagus sylvatica","Common Beech","5 to 10 meters","Up to 3 meters","Semi-mature","10 - 20",328415,670444
"Craigmillar Castle Park","Pinus sylvestris","Scots Pine","5 to 10 meters","3 to 6 meters","Mature","30 - 40",328415,670967
"Craigmillar Castle Park","Populus spp.","Poplar spp","15 to 20 meters","6 to 9 meters","Middle Aged","40 - 50",328415,670454
"Craigmillar Castle Park","Populus spp.","Poplar spp","10 to 15 meters","9 to 12 meters","Middle Aged","40 - 50",328415,670445
"Craigmillar Castle Park","Populus spp.","Poplar spp","5 to 10 meters","Up to 3 meters","Semi-mature","10 - 20",328415,670444
"Craigmillar Castle Park","Populus spp.","Poplar spp","5 to 10 meters","Up to 3 meters","Semi-mature","10 - 20",328415,670444
"Craigmillar Castle Park","Prunus avium","Wild Cherry","5 to 10 meters","9 to 12 meters","Mature","50 - 60",328415,670612
"Craigmillar Castle Park","Populus spp.","Poplar spp","15 to 20 meters","9 to 12 meters","Middle Aged","40 - 50",328416,670448
"Craigmillar Castle Park","Acer pseudoplatanus","Sycamore","5 to 10 meters","3 to 6 meters","Semi-mature","10 - 20",328417,670443
"Craigmillar Castle Park","Crataegus monogyna","Hawthorn","Up to 5 meters","Up to 3 meters","Semi-mature","10 - 20",328417,670443
"Craigmillar Castle Park","Pinus sylvestris","Scots Pine","5 to 10 meters","Up to 3 meters","Mature","20 - 30",328417,670964
"Craigmillar Castle Park","Populus spp.","Poplar spp","10 to 15 meters","3 to 6 meters","Middle Aged","30 - 40",328417,670447
"Craigmillar Castle Park","Populus spp.","Poplar spp","15 to 20 meters","6 to 9 meters","Middle Aged","40 - 50",328418,670451
"Craigmillar Castle Park","Crataegus monogyna","Hawthorn","Up to 5 meters","3 to 6 meters","Mature","20 - 30",328419,670442
"Craigmillar Castle Park","Populus spp.","Poplar spp","5 to 10 meters","3 to 6 meters","Semi-mature","10 - 20",328419,670441
"Craigmillar Castle Park","Acer pseudoplatanus","Sycamore","15 to 20 meters","Over 12 meters","Middle Aged","70 - 80",328421,670630
"Craigmillar Castle Park","Acer pseudoplatanus","Sycamore","5 to 10 meters","3 to 6 meters","Semi-mature","10 - 20",328421,670440
"Craigmillar Castle Park","Acer spp.","Maple spp","10 to 15 meters","6 to 9 meters","Mature","40 - 50",328423,670616
"Craigmillar Castle Park","Acer pseudoplatanus","Sycamore","10 to 15 meters","3 to 6 meters","Middle Aged","30 - 40",328424,670964
"Craigmillar Castle Park","Acer pseudoplatanus","Sycamore","Up to 5 meters","Up to 3 meters","Semi-mature","10 - 20",328424,670439
"Craigmillar Castle Park","Fraxinus excelsior","Common Ash","5 to 10 meters","6 to 9 meters","Middle Aged","20 - 30",328424,670440
"Craigmillar Castle Park","Acer pseudoplatanus","Sycamore","10 to 15 meters","3 to 6 meters","Middle Aged","20 - 30",328425,670964
"Craigmillar Castle Park","Acer pseudoplatanus","Sycamore","5 to 10 meters","6 to 9 meters","Middle Aged","20 - 30",328427,670438
"Craigmillar Castle Park","Ilex aquifolium","Common Holly","Up to 5 meters","Up to 3 meters","Semi-mature","10 - 20",328427,670438
"Craigmillar Castle Park","Fraxinus excelsior","Common Ash","5 to 10 meters","3 to 6 meters","Middle Aged","20 - 30",328430,670436
"Craigmillar Castle Park","Crataegus monogyna","Hawthorn","Up to 5 meters","Up to 3 meters","Semi-mature","10 - 20",328434,670434
"Craigmillar Castle Park","Acer platanoides","Norway Maple","15 to 20 meters","Over 12 meters","Mature","60 - 70",328435,670655
"Craigmillar Castle Park","Acer spp.","Maple spp","10 to 15 meters","6 to 9 meters","Mature","50 - 60",328435,670642
"Craigmillar Castle Park","Fraxinus excelsior","Common Ash","5 to 10 meters","3 to 6 meters","Semi-mature","10 - 20",328435,670434
"Craigmillar Castle Park","Acer pseudoplatanus","Sycamore","5 to 10 meters","6 to 9 meters","Middle Aged","30 - 40",328437,670964
"Craigmillar Castle Park","Fraxinus excelsior","Common Ash","10 to 15 meters","3 to 6 meters","Semi-mature","10 - 20",328440,670431
"Craigmillar Castle Park","Sambucus nigra","Common Elder","Up to 5 meters","Up to 3 meters","Semi-mature","10 - 20",328442,670430
"Craigmillar Castle Park","Acer pseudoplatanus","Sycamore","10 to 15 meters","6 to 9 meters","Semi-mature","10 - 20",328444,670429
"Craigmillar Castle Park","Fraxinus excelsior","Common Ash","10 to 15 meters","3 to 6 meters","Semi-mature","10 - 20",328444,670430
"Craigmillar Castle Park","Ilex aquifolium","Common Holly","Up to 5 meters","Up to 3 meters","Semi-mature","10 - 20",328445,670428
"Craigmillar Castle Park","Larix spp.","Larch spp","5 to 10 meters","3 to 6 meters","Mature","40 - 50",328448,670966
"Craigmillar Castle Park","Acer platanoides","Norway Maple","10 to 15 meters","9 to 12 meters","Mature","60 - 70",328450,670675
"Craigmillar Castle Park","Prunus spp.","Cherry spp","5 to 10 meters","6 to 9 meters","Mature","70 - 80",328458,670653
"Craigmillar Castle Park","Prunus spp.","Cherry spp","5 to 10 meters","9 to 12 meters","Mature","60 - 70",328463,670689
"Craigmillar Castle Park","Populus spp.","Poplar spp","5 to 10 meters","6 to 9 meters","Middle Aged","30 - 40",328475,670973
"Craigmillar Castle Park","Acer pseudoplatanus","Sycamore","5 to 10 meters","Up to 3 meters","Semi-mature","10 - 20",328478,670412
"Craigmillar Castle Park","Acer pseudoplatanus","Sycamore","15 to 20 meters","9 to 12 meters","Middle Aged","40 - 50",328479,670414
"Craigmillar Castle Park","Acer pseudoplatanus","Sycamore","5 to 10 meters","6 to 9 meters","Middle Aged","40 - 50",328480,671138
"Craigmillar Castle Park","Acer pseudoplatanus","Sycamore","15 to 20 meters","6 to 9 meters","Middle Aged","40 - 50",328486,670411
"Craigmillar Castle Park","Acer pseudoplatanus","Sycamore","15 to 20 meters","9 to 12 meters","Middle Aged","60 - 70",328489,670417
"Craigmillar Castle Park","Acer pseudoplatanus","Sycamore","5 to 10 meters","3 to 6 meters","Semi-mature","10 - 20",328491,670406
"Craigmillar Castle Park","Aesculus hippocastanum","Horse Chestnut","5 to 10 meters","6 to 9 meters","Middle Aged","30 - 40",328491,671127
"Craigmillar Castle Park","Acer pseudoplatanus","Sycamore","10 to 15 meters","6 to 9 meters","Middle Aged","40 - 50",328494,671123
"Craigmillar Castle Park","Acer pseudoplatanus","Sycamore","10 to 15 meters","3 to 6 meters","Semi-mature","20 - 30",328494,670405
"Craigmillar Castle Park","Fagus sylvatica","Common Beech","15 to 20 meters","Over 12 meters","Middle Aged","70 - 80",328497,670669
"Craigmillar Castle Park","Acer pseudoplatanus","Sycamore","10 to 15 meters","3 to 6 meters","Semi-mature","20 - 30",328498,670403
"Craigmillar Castle Park","Acer pseudoplatanus","Sycamore","Up to 5 meters","Up to 3 meters","Semi-mature","10 - 20",328499,670403
"Craigmillar Castle Park","Acer pseudoplatanus","Sycamore","5 to 10 meters","6 to 9 meters","Middle Aged","30 - 40",328501,671135
"Craigmillar Castle Park","Acer pseudoplatanus","Sycamore","5 to 10 meters","6 to 9 meters","Middle Aged","40 - 50",328504,671133
"Craigmillar Castle Park","Acer pseudoplatanus","Sycamore","5 to 10 meters","3 to 6 meters","Semi-mature","10 - 20",328506,670400
"Craigmillar Castle Park","Acer pseudoplatanus","Sycamore","Up to 5 meters","Up to 3 meters","Semi-mature","10 - 20",328509,670399
"Craigmillar Castle Park","Acer pseudoplatanus","Sycamore","5 to 10 meters","Up to 3 meters","Semi-mature","10 - 20",328509,670400
"Craigmillar Castle Park","Acer pseudoplatanus","Sycamore","Up to 5 meters","Up to 3 meters","Semi-mature","10 - 20",328509,670400
"Craigmillar Castle Park","Fagus sylvatica","Common Beech","15 to 20 meters","Over 12 meters","Middle Aged","70 - 80",328511,670677
"Craigmillar Castle Park","Acer pseudoplatanus","Sycamore","Up to 5 meters","Up to 3 meters","Semi-mature","10 - 20",328513,670399
"Craigmillar Castle Park","Salix caprea","Goat Willow","5 to 10 meters","6 to 9 meters","Semi-mature","30 - 40",328519,670828
"Craigmillar Castle Park","Acer pseudoplatanus","Sycamore","5 to 10 meters","3 to 6 meters","Semi-mature","10 - 20",328521,670908
"Craigmillar Castle Park","Acer pseudoplatanus","Sycamore","Up to 5 meters","3 to 6 meters","Semi-mature","20 - 30",328521,670892
"Craigmillar Castle Park","Betula pendula","Silver Birch","10 to 15 meters","3 to 6 meters","Middle Aged","20 - 30",328523,670972
"Craigmillar Castle Park","Acer pseudoplatanus","Sycamore","5 to 10 meters","3 to 6 meters","Semi-mature","10 - 20",328524,670923
"Craigmillar Castle Park","Acer pseudoplatanus","Sycamore","15 to 20 meters","9 to 12 meters","Middle Aged","60 - 70",328525,670675
"Craigmillar Castle Park","Acer pseudoplatanus","Sycamore","5 to 10 meters","3 to 6 meters","Semi-mature","10 - 20",328526,670916
"Craigmillar Castle Park","Acer pseudoplatanus","Sycamore","Up to 5 meters","Up to 3 meters","Semi-mature","10 - 20",328526,670889
"Craigmillar Castle Park","Acer pseudoplatanus","Sycamore","10 to 15 meters","6 to 9 meters","Middle Aged","40 - 50",328527,670999
"Craigmillar Castle Park","Acer pseudoplatanus","Sycamore","15 to 20 meters","6 to 9 meters","Middle Aged","60 - 70",328527,671005
"Craigmillar Castle Park","Acer pseudoplatanus","Sycamore","5 to 10 meters","Up to 3 meters","Semi-mature","10 - 20",328527,670919
"Craigmillar Castle Park","Acer pseudoplatanus","Sycamore","5 to 10 meters","Up to 3 meters","Semi-mature","10 - 20",328527,670920
"Craigmillar Castle Park","Acer pseudoplatanus","Sycamore","5 to 10 meters","Up to 3 meters","Semi-mature","10 - 20",328527,670919
"Craigmillar Castle Park","Acer pseudoplatanus","Sycamore","5 to 10 meters","Up to 3 meters","Semi-mature","10 - 20",328527,670917
"Craigmillar Castle Park","Acer pseudoplatanus","Sycamore","5 to 10 meters","3 to 6 meters","Semi-mature","10 - 20",328527,670885
"Craigmillar Castle Park","Acer pseudoplatanus","Sycamore","Up to 5 meters","Up to 3 meters","Semi-mature","10 - 20",328527,670913
"Craigmillar Castle Park","Alnus glutinosa","Common Alder","5 to 10 meters","3 to 6 meters","Semi-mature","10 - 20",328527,670813
"Craigmillar Castle Park","Acer pseudoplatanus","Sycamore","15 to 20 meters","6 to 9 meters","Middle Aged","60 - 70",328528,671017
"Craigmillar Castle Park","Acer pseudoplatanus","Sycamore","5 to 10 meters","Up to 3 meters","Semi-mature","10 - 20",328528,670918
"Craigmillar Castle Park","Acer pseudoplatanus","Sycamore","5 to 10 meters","Up to 3 meters","Semi-mature","10 - 20",328528,670917
"Craigmillar Castle Park","Fagus sylvatica","Common Beech","15 to 20 meters","6 to 9 meters","Middle Aged","60 - 70",328528,671011
"Craigmillar Castle Park","Acer pseudoplatanus","Sycamore","5 to 10 meters","3 to 6 meters","Semi-mature","10 - 20",328529,670883
"Craigmillar Castle Park","Acer pseudoplatanus","Sycamore","5 to 10 meters","3 to 6 meters","Semi-mature","10 - 20",328529,670809
"Craigmillar Castle Park","Acer pseudoplatanus","Sycamore","15 to 20 meters","6 to 9 meters","Middle Aged","60 - 70",328530,671025
"Craigmillar Castle Park","Acer pseudoplatanus","Sycamore","5 to 10 meters","Up to 3 meters","Semi-mature","10 - 20",328530,670918
"Craigmillar Castle Park","Acer pseudoplatanus","Sycamore","15 to 20 meters","9 to 12 meters","Middle Aged","70 - 80",328531,671031
"Craigmillar Castle Park","Acer pseudoplatanus","Sycamore","15 to 20 meters","9 to 12 meters","Middle Aged","70 - 80",328533,671019
"Craigmillar Castle Park","Acer pseudoplatanus","Sycamore","10 to 15 meters","6 to 9 meters","Middle Aged","30 - 40",328533,671041
"Craigmillar Castle Park","Acer pseudoplatanus","Sycamore","15 to 20 meters","9 to 12 meters","Middle Aged","60 - 70",328533,671047
"Craigmillar Castle Park","Acer pseudoplatanus","Sycamore","15 to 20 meters","9 to 12 meters","Middle Aged","60 - 70",328533,670990
"Craigmillar Castle Park","Acer pseudoplatanus","Sycamore","10 to 15 meters","6 to 9 meters","Middle Aged","50 - 60",328534,671052
"Craigmillar Castle Park","Acer pseudoplatanus","Sycamore","15 to 20 meters","6 to 9 meters","Middle Aged","50 - 60",328534,671059
"Craigmillar Castle Park","Acer pseudoplatanus","Sycamore","5 to 10 meters","3 to 6 meters","Semi-mature","10 - 20",328534,670394
"Craigmillar Castle Park","Aesculus hippocastanum","Horse Chestnut","5 to 10 meters","6 to 9 meters","Middle Aged","40 - 50",328534,671087
"Craigmillar Castle Park","Fagus sylvatica","Common Beech","20 to 25 meters","Over 12 meters","Middle Aged","70 - 80",328534,670646
"Craigmillar Castle Park","Quercus spp.","Oak spp","15 to 20 meters","9 to 12 meters","Middle Aged","60 - 70",328534,670985
"Craigmillar Castle Park","Acer pseudoplatanus","Sycamore","15 to 20 meters","9 to 12 meters","Middle Aged","70 - 80",328535,671010
"Craigmillar Castle Park","Acer pseudoplatanus","Sycamore","15 to 20 meters","Over 12 meters","Mature","70 - 80",328536,671068
"Craigmillar Castle Park","Fagus sylvatica","Common Beech","15 to 20 meters","9 to 12 meters","Mature","70 - 80",328536,670406
"Craigmillar Castle Park","Acer pseudoplatanus","Sycamore","15 to 20 meters","Over 12 meters","Mature","90 +",328537,671050
"Craigmillar Castle Park","Acer pseudoplatanus","Sycamore","15 to 20 meters","9 to 12 meters","Middle Aged","70 - 80",328538,671034
"Craigmillar Castle Park","Fagus sylvatica","Common Beech","15 to 20 meters","9 to 12 meters","Middle Aged","60 - 70",328539,670406
"Craigmillar Castle Park","Acer pseudoplatanus","Sycamore","15 to 20 meters","Over 12 meters","Mature","70 - 80",328540,671081
"Craigmillar Castle Park","Acer pseudoplatanus","Sycamore","10 to 15 meters","6 to 9 meters","Middle Aged","60 - 70",328541,671102
"Craigmillar Castle Park","Acer pseudoplatanus","Sycamore","15 to 20 meters","Over 12 meters","Mature","80 - 90",328542,671084
"Craigmillar Castle Park","Acer pseudoplatanus","Sycamore","15 to 20 meters","Over 12 meters","Middle Aged","60 - 70",328543,671063
"Craigmillar Castle Park","Fagus sylvatica","Common Beech","15 to 20 meters","9 to 12 meters","Middle Aged","60 - 70",328546,670402
"Craigmillar Castle Park","Fraxinus excelsior","Common Ash","15 to 20 meters","Over 12 meters","Middle Aged","60 - 70",328546,671080
"Craigmillar Castle Park","Acer pseudoplatanus","Sycamore","15 to 20 meters","6 to 9 meters","Middle Aged","40 - 50",328549,670412
"Craigmillar Castle Park","Acer pseudoplatanus","Sycamore","15 to 20 meters","9 to 12 meters","Middle Aged","60 - 70",328551,670427
"Craigmillar Castle Park","Acer pseudoplatanus","Sycamore","10 to 15 meters","6 to 9 meters","Middle Aged","50 - 60",328552,670390
"Craigmillar Castle Park","Acer pseudoplatanus","Sycamore","5 to 10 meters","3 to 6 meters","Mature","70 - 80",328552,670422
"Craigmillar Castle Park","Populus balsamifera","Balsam Poplar","10 to 15 meters","3 to 6 meters","Middle Aged","20 - 30",328552,671008
"Craigmillar Castle Park","Acer pseudoplatanus","Sycamore","15 to 20 meters","6 to 9 meters","Middle Aged","40 - 50",328553,670405
"Craigmillar Castle Park","Populus balsamifera","Balsam Poplar","10 to 15 meters","3 to 6 meters","Middle Aged","30 - 40",328553,671005
"Craigmillar Castle Park","Salix caprea","Goat Willow","5 to 10 meters","3 to 6 meters","Middle Aged","20 - 30",328553,671003
"Craigmillar Castle Park","Acer pseudoplatanus","Sycamore","10 to 15 meters","6 to 9 meters","Middle Aged","40 - 50",328555,670396
"Craigmillar Castle Park","Acer pseudoplatanus","Sycamore","15 to 20 meters","6 to 9 meters","Middle Aged","30 - 40",328555,670402
"Craigmillar Castle Park","Fraxinus excelsior","Common Ash","15 to 20 meters","Over 12 meters","Mature","70 - 80",328556,670637
"Craigmillar Castle Park","Populus balsamifera","Balsam Poplar","10 to 15 meters","6 to 9 meters","Middle Aged","30 - 40",328556,671026
"Craigmillar Castle Park","Acer pseudoplatanus","Sycamore","10 to 15 meters","6 to 9 meters","Middle Aged","30 - 40",328558,670432
"Craigmillar Castle Park","Populus balsamifera","Balsam Poplar","10 to 15 meters","6 to 9 meters","Middle Aged","30 - 40",328559,671021
"Craigmillar Castle Park","Acer pseudoplatanus","Sycamore","15 to 20 meters","6 to 9 meters","Middle Aged","30 - 40",328560,670423
"Craigmillar Castle Park","Acer pseudoplatanus","Sycamore","15 to 20 meters","6 to 9 meters","Middle Aged","50 - 60",328564,670438
"Craigmillar Castle Park","Acer pseudoplatanus","Sycamore","10 to 15 meters","6 to 9 meters","Middle Aged","30 - 40",328566,670429
"Craigmillar Castle Park","Acer pseudoplatanus","Sycamore","15 to 20 meters","6 to 9 meters","Middle Aged","40 - 50",328566,670444
"Craigmillar Castle Park","Acer pseudoplatanus","Sycamore","15 to 20 meters","6 to 9 meters","Middle Aged","40 - 50",328567,670459
"Craigmillar Castle Park","Acer pseudoplatanus","Sycamore","15 to 20 meters","6 to 9 meters","Middle Aged","40 - 50",328569,670456
"Craigmillar Castle Park","Acer pseudoplatanus","Sycamore","15 to 20 meters","6 to 9 meters","Middle Aged","40 - 50",328571,670441
"Craigmillar Castle Park","Acer pseudoplatanus","Sycamore","10 to 15 meters","6 to 9 meters","Middle Aged","30 - 40",328571,670447
"Craigmillar Castle Park","Acer pseudoplatanus","Sycamore","15 to 20 meters","6 to 9 meters","Middle Aged","40 - 50",328571,670472
"Craigmillar Castle Park","Fagus sylvatica","Common Beech","15 to 20 meters","9 to 12 meters","Middle Aged","60 - 70",328571,670633
"Craigmillar Castle Park","Acer pseudoplatanus","Sycamore","15 to 20 meters","9 to 12 meters","Middle Aged","40 - 50",328572,670462
"Craigmillar Castle Park","Acer pseudoplatanus","Sycamore","15 to 20 meters","6 to 9 meters","Middle Aged","40 - 50",328573,670448
"Craigmillar Castle Park","Acer pseudoplatanus","Sycamore","15 to 20 meters","9 to 12 meters","Middle Aged","60 - 70",328574,670473
"Craigmillar Castle Park","Salix caprea","Goat Willow","5 to 10 meters","3 to 6 meters","Middle Aged","20 - 30",328577,671039
"Craigmillar Castle Park","Acer pseudoplatanus","Sycamore","10 to 15 meters","3 to 6 meters","Middle Aged","30 - 40",328579,670459
"Craigmillar Castle Park","Acer pseudoplatanus","Sycamore","15 to 20 meters","6 to 9 meters","Middle Aged","40 - 50",328579,670465
"Craigmillar Castle Park","Acer platanoides","Norway Maple","5 to 10 meters","3 to 6 meters","Semi-mature","10 - 20",328583,671039
"Craigmillar Castle Park","Acer platanoides","Norway Maple","Up to 5 meters","Up to 3 meters","Semi-mature","10 - 20",328585,671037
"Craigmillar Castle Park","Fagus sylvatica","Common Beech","20 to 25 meters","Over 12 meters","Mature","80 - 90",328585,671113
"Craigmillar Castle Park","Fraxinus excelsior","Common Ash","15 to 20 meters","Over 12 meters","Mature","70 - 80",328588,670630
"Craigmillar Castle Park","Acer pseudoplatanus","Sycamore","15 to 20 meters","9 to 12 meters","Middle Aged","60 - 70",328603,670631
"Craigmillar Castle Park","Acer pseudoplatanus","Sycamore","15 to 20 meters","9 to 12 meters","Middle Aged","60 - 70",328608,670635
"Craigmillar Castle Park","Aesculus hippocastanum","Horse Chestnut","15 to 20 meters","9 to 12 meters","Middle Aged","60 - 70",328610,670626
"Craigmillar Castle Park","Acer pseudoplatanus","Sycamore","Up to 5 meters","Up to 3 meters","Juvenile","10 - 20",328613,671025
"Craigmillar Castle Park","Salix caprea","Goat Willow","5 to 10 meters","6 to 9 meters","Middle Aged","10 - 20",328621,671023
"Craigmillar Castle Park","Salix caprea","Goat Willow","5 to 10 meters","3 to 6 meters","Semi-mature","10 - 20",328629,671018
"Craigmillar Castle Park","Acer pseudoplatanus","Sycamore","20 to 25 meters","Over 12 meters","Mature","90 +",328630,671114
"Craigmillar Castle Park","Aesculus hippocastanum","Horse Chestnut","15 to 20 meters","Over 12 meters","Mature","80 - 90",328635,670845
"Craigmillar Castle Park","Salix caprea","Goat Willow","5 to 10 meters","3 to 6 meters","Semi-mature","10 - 20",328636,671013
"Craigmillar Castle Park","Populus balsamifera","Balsam Poplar","15 to 20 meters","6 to 9 meters","Middle Aged","30 - 40",328645,671010
"Craigmillar Castle Park","Populus balsamifera","Balsam Poplar","15 to 20 meters","6 to 9 meters","Middle Aged","40 - 50",328647,671012
"Craigmillar Castle Park","Fagus sylvatica","Common Beech","20 to 25 meters","Over 12 meters","Mature","80 - 90",328659,671105
"Craigmillar Castle Park","Acer pseudoplatanus","Sycamore","15 to 20 meters","Over 12 meters","Mature","70 - 80",328661,671114
"Craigmillar Castle Park","Acer pseudoplatanus","Sycamore","15 to 20 meters","Over 12 meters","Mature","90 +",328681,670917
"Craigmillar Castle Park","Acer pseudoplatanus","Sycamore","15 to 20 meters","Over 12 meters","Mature","70 - 80",328688,670926
"Craigmillar Castle Park","Acer pseudoplatanus","Sycamore","10 to 15 meters","9 to 12 meters","Middle Aged","60 - 70",328689,670663
"Craigmillar Castle Park","Acer pseudoplatanus","Sycamore","10 to 15 meters","9 to 12 meters","Middle Aged","60 - 70",328697,670686
"Craigmillar Castle Park","Acer pseudoplatanus","Sycamore","15 to 20 meters","Over 12 meters","Mature","90 +",328697,670933
"Craigmillar Castle Park","Fagus sylvatica","Common Beech","10 to 15 meters","9 to 12 meters","Middle Aged","60 - 70",328697,670666
"Craigmillar Castle Park","Acer pseudoplatanus","Sycamore","15 to 20 meters","Over 12 meters","Mature","90 +",328707,670895
"Craigmillar Castle Park","Acer pseudoplatanus","Sycamore","15 to 20 meters","Over 12 meters","Mature","80 - 90",328708,670937
"Craigmillar Castle Park","Acer pseudoplatanus","Sycamore","10 to 15 meters","9 to 12 meters","Middle Aged","50 - 60",328711,670655
"Craigmillar Castle Park","Acer pseudoplatanus","Sycamore","10 to 15 meters","9 to 12 meters","Middle Aged","60 - 70",328711,670682
"Craigmillar Castle Park","Acer pseudoplatanus","Sycamore","15 to 20 meters","Over 12 meters","Mature","90 +",328711,670876
"Craigmillar Castle Park","Acer pseudoplatanus","Sycamore","10 to 15 meters","9 to 12 meters","Middle Aged","50 - 60",328718,670666
"Craigmillar Castle Park","Acer pseudoplatanus","Sycamore","10 to 15 meters","9 to 12 meters","Middle Aged","50 - 60",328722,670648
"Craigmillar Castle Road, Edinburgh","Acer pseudoplatanus","Sycamore","5 to 10 meters","3 to 6 meters","Semi-mature","10 - 20",328723,670434
"Craigmillar Castle Park","Acer pseudoplatanus","Sycamore","10 to 15 meters","9 to 12 meters","Middle Aged","70 - 80",328724,671059
"Craigmillar Castle Park","Acer pseudoplatanus","Sycamore","10 to 15 meters","9 to 12 meters","Middle Aged","50 - 60",328727,670656
"Craigmillar Castle Park","Acer pseudoplatanus","Sycamore","15 to 20 meters","Over 12 meters","Mature","80 - 90",328728,670880
"Craigmillar Castle Road, Edinburgh","Salix caprea","Goat Willow","10 to 15 meters","6 to 9 meters","Middle Aged","20 - 30",328728,670440
"Craigmillar Castle Park","Acer pseudoplatanus","Sycamore","15 to 20 meters","9 to 12 meters","Mature","60 - 70",328731,670892
"Craigmillar Castle Park","Acer pseudoplatanus","Sycamore","15 to 20 meters","Over 12 meters","Mature","90 +",328731,670905
"Craigmillar Castle Road, Edinburgh","Salix caprea","Goat Willow","10 to 15 meters","6 to 9 meters","Middle Aged","20 - 30",328733,670445
"Craigmillar Castle Park","Acer pseudoplatanus","Sycamore","10 to 15 meters","9 to 12 meters","Middle Aged","50 - 60",328736,670647
"Craigmillar Castle Park","Acer pseudoplatanus","Sycamore","10 to 15 meters","9 to 12 meters","Middle Aged","50 - 60",328741,670659
"Craigmillar Castle Park","Fraxinus excelsior","Common Ash","10 to 15 meters","9 to 12 meters","Middle Aged","60 - 70",328744,671063
"Craigmillar Castle Park","Acer pseudoplatanus","Sycamore","10 to 15 meters","9 to 12 meters","Middle Aged","70 - 80",328748,671072
"Craigmillar Castle Park","Acer pseudoplatanus","Sycamore","10 to 15 meters","9 to 12 meters","Middle Aged","50 - 60",328774,670664
"Craigmillar Castle Park","Acer pseudoplatanus","Sycamore","10 to 15 meters","6 to 9 meters","Middle Aged","50 - 60",328785,670671
"Craigmillar Castle Park","Acer pseudoplatanus","Sycamore","10 to 15 meters","9 to 12 meters","Middle Aged","50 - 60",328788,670673
"Craigmillar Castle Park","Acer pseudoplatanus","Sycamore","15 to 20 meters","9 to 12 meters","Middle Aged","60 - 70",328790,670693
"Craigmillar Castle Park","Acer pseudoplatanus","Sycamore","15 to 20 meters","6 to 9 meters","Middle Aged","50 - 60",328797,670678
"Craigmillar Castle Park","Acer pseudoplatanus","Sycamore","15 to 20 meters","Over 12 meters","Middle Aged","50 - 60",328798,670708
"Craigmillar Castle Park","Fraxinus excelsior","Common Ash","15 to 20 meters","9 to 12 meters","Middle Aged","70 - 80",328798,670984
"Craigmillar Castle Park","Acer pseudoplatanus","Sycamore","15 to 20 meters","9 to 12 meters","Middle Aged","70 - 80",328807,670683
"Craigmillar Castle Park","Acer pseudoplatanus","Sycamore","15 to 20 meters","9 to 12 meters","Middle Aged","60 - 70",328808,670695
"Craigmillar Castle Park","Fraxinus excelsior","Common Ash","15 to 20 meters","9 to 12 meters","Middle Aged","60 - 70",328813,670996
"Craigmillar Castle Park","Acer pseudoplatanus","Sycamore","10 to 15 meters","6 to 9 meters","Middle Aged","50 - 60",328820,670705
"Craigmillar Castle Park","Acer pseudoplatanus","Sycamore","10 to 15 meters","9 to 12 meters","Middle Aged","50 - 60",328823,670714
"Craigmillar Castle Park","Acer pseudoplatanus","Sycamore","15 to 20 meters","6 to 9 meters","Middle Aged","50 - 60",328825,670707
"Craigmillar Castle Park","Acer pseudoplatanus","Sycamore","15 to 20 meters","9 to 12 meters","Middle Aged","60 - 70",328830,670708
"Craigmillar Castle Park","Acer pseudoplatanus","Sycamore","10 to 15 meters","9 to 12 meters","Middle Aged","50 - 60",328831,670681
"Craigmillar Castle Park","Acer pseudoplatanus","Sycamore","10 to 15 meters","9 to 12 meters","Middle Aged","60 - 70",328833,670703
"Craigmillar Castle Park","Acer pseudoplatanus","Sycamore","5 to 10 meters","6 to 9 meters","Middle Aged","50 - 60",328834,670692
"Craigmillar Castle Park","Acer pseudoplatanus","Sycamore","10 to 15 meters","9 to 12 meters","Middle Aged","50 - 60",328843,670710
"Craigmillar Castle Park","Acer pseudoplatanus","Sycamore","10 to 15 meters","9 to 12 meters","Middle Aged","50 - 60",328852,670709
"Craigmillar Castle Park","Fraxinus excelsior","Common Ash","5 to 10 meters","6 to 9 meters","Middle Aged","20 - 30",328924,670671
"Craigmillar Castle Park","Fraxinus excelsior","Common Ash","5 to 10 meters","6 to 9 meters","Middle Aged","30 - 40",328935,670678
"Craigmillar Castle Park","Fraxinus excelsior","Common Ash","5 to 10 meters","6 to 9 meters","Middle Aged","30 - 40",328950,670686
"Craigmillar Castle Park","Acer pseudoplatanus","Sycamore","5 to 10 meters","3 to 6 meters","Middle Aged","40 - 50",328960,671082
"Craigmillar Castle Park","Fagus sylvatica","Common Beech","5 to 10 meters","6 to 9 meters","Middle Aged","30 - 40",328960,671060
"Craigmillar Castle Park","Acer pseudoplatanus","Sycamore","5 to 10 meters","6 to 9 meters","Middle Aged","30 - 40",328961,671085
"Craigmillar Castle Road, Edinburgh","Crataegus monogyna","Hawthorn","5 to 10 meters","6 to 9 meters","Mature","30 - 40",328962,670693
"Craigmillar Castle Park","Fraxinus excelsior","Common Ash","10 to 15 meters","6 to 9 meters","Middle Aged","40 - 50",328962,671095
"Craigmillar Castle Park","Fraxinus excelsior","Common Ash","5 to 10 meters","3 to 6 meters","Middle Aged","30 - 40",328963,671102
"Craigmillar Castle Park","Acer pseudoplatanus","Sycamore","5 to 10 meters","3 to 6 meters","Middle Aged","30 - 40",328964,671104
"Craigmillar Castle Park","Acer pseudoplatanus","Sycamore","10 to 15 meters","3 to 6 meters","Middle Aged","30 - 40",328965,671094
"Craigmillar Castle Park","Acer pseudoplatanus","Sycamore","5 to 10 meters","3 to 6 meters","Middle Aged","30 - 40",328966,671108
"Craigmillar Castle Park","Fraxinus excelsior","Common Ash","5 to 10 meters","3 to 6 meters","Middle Aged","30 - 40",328970,671115
"Craigmillar Castle Park","Fraxinus excelsior","Common Ash","5 to 10 meters","3 to 6 meters","Middle Aged","30 - 40",328971,671116
"Craigmillar Castle Park","Fraxinus excelsior","Common Ash","5 to 10 meters","3 to 6 meters","Middle Aged","30 - 40",328972,671117
"Craigmillar Castle Road, Edinburgh","Sambucus nigra","Common Elder","Up to 5 meters","3 to 6 meters","Juvenile","10 - 20",328988,670800
"Craigmillar Castle Road, Edinburgh","Fraxinus excelsior","Common Ash","Up to 5 meters","3 to 6 meters","Juvenile","10 - 20",328989,670725
"Craigmillar Castle Road, Edinburgh","Fraxinus excelsior","Common Ash","Up to 5 meters","3 to 6 meters","Juvenile","10 - 20",328989,670724
"Craigmillar Castle Road, Edinburgh","Fraxinus excelsior","Common Ash","Up to 5 meters","3 to 6 meters","Juvenile","10 - 20",328989,670724
"Craigmillar Castle Road, Edinburgh","Fraxinus excelsior","Common Ash","Up to 5 meters","3 to 6 meters","Juvenile","10 - 20",328990,670726
"Craigmillar Castle Road, Edinburgh","Sambucus nigra","Common Elder","Up to 5 meters","3 to 6 meters","Juvenile","10 - 20",328990,670777
"Craigmillar Castle Road, Edinburgh","Sambucus nigra","Common Elder","Up to 5 meters","3 to 6 meters","Juvenile","10 - 20",328990,670775
"Craigmillar Castle Road, Edinburgh","Populus tremula","Aspen","Up to 5 meters","3 to 6 meters","Juvenile","10 - 20",328994,670844
"Craigmillar Castle Road, Edinburgh","Populus tremula","Aspen","5 to 10 meters","3 to 6 meters","Juvenile","10 - 20",328994,670839
"Craigmillar Castle Road, Edinburgh","Populus tremula","Aspen","5 to 10 meters","3 to 6 meters","Juvenile","10 - 20",328994,670838
"Hawkhill Woods","Salix caprea","Goat Willow","5 to 10 meters","3 to 6 meters","Semi-mature","10 - 20",329062,671048
"Hawkhill Woods","Crataegus monogyna","Hawthorn","Up to 5 meters","Up to 3 meters","Juvenile","10 - 20",329072,671038
"Hawkhill Woods","Crataegus monogyna","Hawthorn","Up to 5 meters","Up to 3 meters","Juvenile","10 - 20",329072,671033
"Hawkhill Woods","Salix caprea","Goat Willow","5 to 10 meters","6 to 9 meters","Semi-mature","10 - 20",329076,671112
"Hawkhill Woods","Acer pseudoplatanus","Sycamore","5 to 10 meters","3 to 6 meters","Semi-mature","10 - 20",329079,671046
"Hawkhill Woods","Acer pseudoplatanus","Sycamore","10 to 15 meters","6 to 9 meters","Middle Aged","20 - 30",329129,671064
